firstname,lastname,season,games,games_started,minutes,fg_made,fg_att,fg_pct,pt3_made,pt3_att,pt3_pct,ft_made,ft_att,ft_pct,steals,turnovers,off_rebounds,def_rebounds,tot_rebounds,assists,blocks,fouls,flag_fouls,tech_fouls,ejected,points
Arron,Afflalo,2009,82,75,2220,272,585,46.5,108,249,43.4,72,98,73.5,46,74,59,193,252,138,30,225,0,1,0,724
Alexis,Ajinca,2009,6,0,29,5,10,50,0,0,0,0,1,0,1,2,1,3,4,0,1,5,0,0,0,10
LaMarcus,Aldridge,2009,78,78,2919,579,1169,49.5,5,16,31.3,230,304,75.7,67,104,192,435,627,160,48,231,1,1,0,1393
Joe,Alexander,2009,8,0,30,1,6,16.7,0,1,0,2,3,66.7,1,0,2,3,5,2,1,9,0,0,0,4
Malik,Allen,2009,51,3,458,46,116,39.7,1,6,16.7,12,13,92.3,11,22,36,46,82,16,5,68,1,0,0,105
Ray,Allen,2009,80,80,2814,464,973,47.7,145,399,36.3,231,253,91.3,64,129,45,208,253,210,25,182,0,0,0,1304
Tony ,Allen,2009,54,8,891,129,253,51,0,5,0,72,119,60.5,59,66,52,93,145,72,19,109,0,0,0,330
Rafer,Alston,2009,52,38,1424,155,446,34.8,58,168,34.5,59,81,72.8,50,95,13,116,129,176,10,103,0,1,0,427
Louis,Amundson,2009,79,0,1167,152,276,55.1,0,1,0,67,123,54.5,24,57,128,218,346,31,73,169,0,1,0,371
Chris,Andersen,2009,76,0,1696,142,251,56.6,0,3,0,164,236,69.5,42,59,147,336,483,33,143,171,0,1,0,448
David,Andersen,2009,63,0,893,147,340,43.2,27,78,34.6,46,67,68.7,15,37,54,154,208,44,12,119,0,1,0,367
Antonio,Anderson,2009,1,0,15,1,3,33.3,0,0,0,0,0,0,0,1,1,0,1,0,0,1,0,0,0,2
Ryan,Anderson,2009,63,6,919,169,388,43.6,78,211,37,71,82,86.6,25,56,70,132,202,37,14,81,0,0,0,487
Carmelo,Anthony,2009,69,69,2636,688,1502,45.8,59,187,31.6,508,612,83,88,209,152,302,454,222,30,225,0,2,1,1943
Joel,Anthony,2009,80,16,1319,76,159,47.8,0,0,0,66,92,71.7,20,45,123,126,249,12,109,158,0,0,0,218
Gilbert,Arenas,2009,32,32,1167,253,616,41.1,63,181,34.8,153,207,73.9,41,117,17,116,133,230,9,95,0,1,0,722
Trevor,Ariza,2009,72,71,2632,394,999,39.4,136,407,33.4,148,228,64.9,126,161,78,325,403,276,40,162,0,1,1,1072
Hilton,Armstrong,2009,33,0,336,28,79,35.4,0,1,0,15,32,46.9,15,22,27,54,81,21,12,59,0,0,0,71
Carlos,Arroyo,2009,72,35,1585,178,375,47.5,7,25,28,76,90,84.4,36,54,26,104,130,225,6,102,0,0,0,439
Ron,Artest,2009,77,77,2607,306,740,41.4,105,296,35.5,128,186,68.8,106,121,99,232,331,234,21,165,0,1,0,845
Darrell,Arthur,2009,32,1,455,63,146,43.2,0,1,0,17,30,56.7,14,22,37,73,110,15,14,60,0,1,0,143
Chucky,Atkins,2009,40,11,642,57,157,36.3,22,73,30.1,25,27,92.6,17,32,5,24,29,91,0,53,0,0,0,161
D.J.,Augustin,2009,80,2,1472,168,435,38.6,70,178,39.3,102,131,77.9,45,74,11,86,97,193,5,127,0,0,0,508
Kelenna,Azubuike,2009,9,7,231,48,88,54.5,10,27,37,19,28,67.9,5,7,12,29,41,10,9,16,0,1,0,125
Renaldo,Balkman,2009,13,1,91,6,18,33.3,0,7,0,2,6,33.3,8,6,4,19,23,7,2,16,0,0,0,14
Marcus,Banks,2009,22,0,244,39,73,53.4,7,24,29.2,24,29,82.8,12,20,3,20,23,26,2,30,0,1,0,109
Leandro,Barbosa,2009,44,5,783,155,365,42.5,44,136,32.4,64,73,87.7,23,46,11,58,69,64,12,71,0,0,0,418
Jose,Barea,2009,78,18,1546,232,527,44,56,157,35.7,76,90,84.4,35,102,17,129,146,258,6,119,0,1,0,596
Andrea,Bargnani,2009,80,80,2801,537,1143,47,121,325,37.2,181,234,77.4,25,120,105,388,493,93,111,215,0,1,0,1376
Matt,Barnes,2009,81,58,2091,271,557,48.7,66,207,31.9,108,146,74,59,112,106,339,445,134,30,185,1,2,1,716
Earl,Barron,2009,7,6,232,30,68,44.1,0,0,0,22,29,75.9,4,11,31,46,77,8,4,24,0,0,0,82
Brandon,Bass,2009,50,3,646,119,233,51.1,0,0,0,52,63,82.5,12,31,54,73,127,19,27,69,0,1,0,290
Tony,Battie,2009,15,0,133,14,40,35,1,4,25,7,10,70,4,3,4,19,23,3,2,19,0,0,0,36
Shane,Battier,2009,67,62,2169,178,447,39.8,101,279,36.2,77,106,72.6,53,64,74,238,312,164,76,139,0,1,0,534
Nicolas,Batum,2009,37,25,919,139,268,51.9,54,132,40.9,43,51,84.3,24,27,32,109,141,44,25,83,0,0,0,375
Jerryd,Bayless,2009,74,11,1305,200,483,41.4,29,92,31.5,201,242,83.1,26,94,18,102,120,172,5,152,0,1,0,630
Michael,Beasley,2009,78,78,2329,468,1040,45,28,102,27.5,192,240,80,80,131,123,375,498,100,49,221,0,1,0,1156
Rodrigue,Beaubois,2009,56,16,702,155,299,51.8,45,110,40.9,42,52,80.8,29,54,12,66,78,74,12,84,0,0,0,397
Marco,Belinelli,2009,66,1,1121,154,379,40.6,60,158,38,101,121,83.5,42,60,14,81,95,89,5,80,0,0,0,469
Charlie,Bell,2009,71,39,1620,169,443,38.1,73,200,36.5,48,67,71.6,39,54,31,101,132,104,12,136,0,0,0,459
Raja,Bell,2009,6,5,181,28,61,45.9,12,27,44.4,3,3,100,4,5,5,18,23,13,2,15,0,1,0,71
Jonathan,Bender,2009,25,1,292,40,100,40,14,39,35.9,24,26,92.3,2,28,15,37,52,16,17,33,1,0,0,118
Mike,Bibby,2009,80,80,2196,268,644,41.6,126,324,38.9,68,79,86.1,67,90,20,164,184,310,3,157,0,1,0,730
Andris,Biedrins,2009,33,29,764,81,137,59.1,0,0,0,4,25,16,20,32,63,196,259,57,44,117,0,0,0,166
Chauncey,Billups,2009,73,73,2490,402,962,41.8,157,407,38.6,466,512,91,82,177,25,203,228,409,9,153,0,1,0,1427
DeJuan,Blair,2009,82,23,1496,275,495,55.6,0,2,0,88,161,54.7,50,112,200,326,526,65,39,224,0,1,0,638
Steve,Blake,2009,80,38,2160,217,522,41.6,116,294,39.5,36,48,75,58,128,21,166,187,380,6,123,0,1,0,586
Andray,Blatche,2009,81,36,2252,478,999,47.8,13,44,29.5,174,234,74.4,85,182,158,351,509,170,71,218,0,1,0,1143
Mark,Blount,2009,0,0,0,0,0,0,0,0,0,0,0,0,0,0,0,0,0,0,0,0,0,0,0,0
Keith,Bogans,2009,79,50,1562,120,298,40.3,70,196,35.7,37,50,74,45,53,25,151,176,95,12,156,0,1,0,347
Andrew,Bogut,2009,69,69,2231,473,910,52,0,2,0,149,237,62.9,39,131,208,493,701,127,175,222,0,1,0,1095
Matt,Bonner,2009,65,8,1164,166,372,44.6,90,231,39,35,48,72.9,30,39,52,162,214,68,24,109,0,1,0,457
Josh,Boone,2009,63,28,1045,117,223,52.5,0,0,0,19,58,32.8,30,37,124,191,315,29,48,111,0,0,0,253
Carlos,Boozer,2009,78,78,2673,617,1098,56.2,0,0,0,285,384,74.2,84,212,181,693,874,247,36,270,0,2,1,1519
Chris,Bosh,2009,70,70,2526,600,1158,51.8,8,22,36.4,470,590,79.7,43,169,205,554,759,166,68,170,0,1,0,1678
Ryan,Bowen,2009,1,0,8,1,1,100,0,0,0,2,2,100,1,0,1,1,2,0,0,2,0,0,0,4
Earl,Boykins,2009,67,1,1120,172,403,42.7,19,60,31.7,77,89,86.5,24,69,17,58,75,171,3,48,0,0,0,440
Elton,Brand,2009,76,57,2301,412,858,48,0,1,0,172,233,73.8,82,131,179,282,461,109,80,232,2,0,0,996
Corey,Brewer,2009,82,82,2485,409,949,43.1,82,237,34.6,166,256,64.8,117,164,70,209,279,193,29,224,0,1,0,1066
Ronnie,Brewer,2009,58,53,1740,209,429,48.7,8,31,25.8,85,133,63.9,91,53,45,142,187,154,15,80,0,0,0,511
Primoz,Brezec,2009,21,0,96,9,26,34.6,0,0,0,1,6,16.7,1,2,12,13,25,1,3,19,0,0,0,19
Jon,Brockman,2009,52,4,655,55,103,53.4,0,0,0,37,62,59.7,15,23,105,108,213,22,5,115,0,0,0,147
Aaron,Brooks,2009,82,82,2919,575,1331,43.2,209,525,39.8,245,298,82.2,69,232,54,161,215,434,14,199,2,1,0,1604
Bobby,Brown,2009,45,0,520,88,237,37.1,26,98,26.5,13,15,86.7,15,46,9,29,38,88,1,42,0,0,0,215
Derrick,Brown,2009,57,0,536,68,147,46.3,2,7,28.6,48,72,66.7,21,19,31,47,78,19,10,53,0,0,0,186
Devin,Brown,2009,50,37,1058,136,361,37.7,58,164,35.4,69,86,80.2,33,62,29,95,124,65,6,72,0,0,0,399
Kwame,Brown,2009,48,1,660,62,124,50,0,1,0,33,98,33.7,15,43,53,124,177,22,12,93,0,2,1,157
Shannon,Brown,2009,82,7,1702,253,592,42.7,62,189,32.8,99,121,81.8,57,67,30,153,183,108,31,129,0,1,0,667
Kobe,Bryant,2009,73,73,2835,716,1569,45.6,99,301,32.9,439,541,81.1,113,233,78,313,391,365,20,187,0,1,0,1970
Chase,Budinger,2009,74,4,1493,249,565,44.1,92,249,36.9,67,87,77,34,48,38,182,220,88,11,85,0,0,0,657
Caron,Butler,2009,74,74,2779,450,1051,42.8,42,145,29,264,315,83.8,116,160,104,357,461,156,24,193,0,1,0,1206
Rasual,Butler,2009,82,64,2703,356,870,40.9,145,432,33.6,122,145,84.1,36,79,39,201,240,116,68,121,0,1,0,979
Andrew,Bynum,2009,65,65,1979,392,688,57,0,1,0,193,261,73.9,35,115,177,364,541,68,94,193,0,1,0,977
Will,Bynum,2009,63,20,1666,237,534,44.4,12,55,21.8,142,178,79.8,55,115,24,118,142,283,7,143,0,1,0,628
Jose,Calderon,2009,68,39,1817,274,568,48.2,68,171,39.8,83,104,79.8,47,99,23,119,142,404,7,135,1,1,0,699
Marcus,Camby,2009,74,74,2314,238,501,47.5,2,7,28.6,78,122,63.9,95,91,249,622,871,186,146,161,1,1,0,556
Brian,Cardinal,2009,29,0,268,14,36,38.9,3,9,33.3,17,18,94.4,9,7,7,22,29,24,3,56,0,0,0,48
Rodney,Carney,2009,68,0,861,113,282,40.1,41,135,30.4,52,63,82.5,25,21,26,111,137,37,20,79,0,0,0,319
DeMarre,Carroll,2009,71,1,794,88,222,39.6,0,6,0,33,53,62.3,28,24,53,97,150,33,9,107,0,1,0,209
Matt,Carroll,2009,25,0,121,18,50,36,4,19,21.1,6,6,100,5,7,4,8,12,6,0,13,0,0,0,46
Anthony,Carter,2009,54,7,860,76,181,42,17,63,27,11,13,84.6,39,58,17,72,89,160,13,72,1,1,0,180
Vince,Carter,2009,75,74,2311,434,1015,42.8,119,324,36.7,257,306,84,53,106,33,260,293,236,18,189,0,1,0,1244
Omri,Casspi,2009,77,31,1934,300,672,44.6,75,203,36.9,117,174,67.2,54,98,75,274,349,95,17,125,0,2,1,792
Mario,Chalmers,2009,73,22,1808,182,454,40.1,75,236,31.8,82,110,74.5,91,123,25,110,135,246,12,175,0,0,0,521
Tyson,Chandler,2009,51,27,1165,109,190,57.4,0,0,0,115,157,73.2,17,91,114,206,320,16,55,138,0,1,0,333
Wilson,Chandler,2009,65,64,2320,412,860,47.9,40,150,26.7,129,160,80.6,46,108,93,255,348,138,49,184,0,0,0,993
Earl,Clark,2009,51,0,385,56,151,37.1,2,5,40,26,36,72.2,7,23,18,44,62,21,13,25,0,0,0,140
Craig,Claxton,2009,0,0,0,0,0,0,0,0,0,0,0,0,0,0,0,0,0,0,0,0,0,0,0,0
Jarron,Collins,2009,34,10,263,12,31,38.7,0,0,0,10,25,40,2,10,22,40,62,6,3,42,0,0,0,34
Jason,Collins,2009,24,0,113,8,23,34.8,0,1,0,0,2,0,3,5,5,9,14,4,2,21,0,0,0,16
Mardy,Collins,2009,43,0,469,47,128,36.7,4,17,23.5,13,21,61.9,23,32,13,37,50,44,1,45,0,0,0,111
Darren,Collison,2009,76,37,2105,376,789,47.7,46,115,40,148,174,85.1,78,202,41,151,192,432,4,92,0,1,0,946
Nick,Collison,2009,75,5,1560,182,309,58.9,1,4,25,74,107,69.2,37,63,152,232,384,38,48,230,1,1,0,439
Mike,"Conley, Jr.",2009,80,80,2565,369,830,44.5,82,212,38.7,139,187,74.3,109,170,30,161,191,425,12,178,0,0,0,959
Brian,Cook,2009,15,0,46,7,23,30.4,2,9,22.2,5,7,71.4,0,6,1,8,9,1,2,5,0,0,0,21
Daequan,Cook,2009,45,3,691,81,253,32,40,126,31.7,21,25,84,14,24,9,73,82,43,10,50,0,0,0,223
Jamal,Crawford,2009,79,0,2459,496,1105,44.9,163,427,38.2,270,315,85.7,61,137,34,167,201,238,12,132,1,1,0,1425
Javaris,Crittenton,2009,0,0,0,0,0,0,0,0,0,0,0,0,0,0,0,0,0,0,0,0,0,0,0,0
Dante,Cunningham,2009,63,2,708,106,214,49.5,0,2,0,31,48,64.6,24,15,54,106,160,14,22,97,0,0,0,243
Eddy,Curry,2009,7,0,63,8,21,38.1,0,0,0,10,17,58.8,0,13,4,9,13,0,1,13,1,1,0,26
JamesOn,Curry,2009,1,0,1,0,0,0,0,0,0,0,0,0,0,0,0,0,0,0,0,0,0,0,0,0
Stephen,Curry,2009,80,77,2895,528,1143,46.2,166,380,43.7,177,200,88.5,152,244,48,308,356,472,19,252,0,0,0,1399
Samuel,Dalembert,2009,82,80,2127,285,523,54.5,0,0,0,97,133,72.9,42,123,239,545,784,64,151,252,0,2,1,667
Erick,Dampier,2009,55,47,1279,133,213,62.4,1,3,33.3,61,101,60.4,15,61,128,272,400,31,77,153,1,2,1,328
Marquis,Daniels,2009,51,4,940,124,249,49.8,6,28,21.4,34,56,60.7,27,42,27,68,95,66,6,91,0,0,0,288
Baron,Davis,2009,75,73,2523,412,1015,40.6,82,296,27.7,239,291,82.1,126,211,52,214,266,598,43,210,2,1,0,1145
Glen,Davis,2009,54,1,931,122,279,43.7,0,4,0,96,138,69.6,21,53,101,104,205,35,14,132,1,1,0,340
Paul,Davis,2009,2,0,8,2,4,50,0,0,0,1,2,50,0,0,0,0,0,3,1,0,0,0,0,5
Ricky,Davis,2009,36,2,503,62,143,43.4,16,42,38.1,18,31,58.1,11,29,10,47,57,39,3,39,0,1,0,158
Austin,Daye,2009,69,4,912,137,295,46.4,29,95,30.5,46,56,82.1,25,48,34,140,174,34,26,114,0,0,0,349
Carlos,Delfino,2009,75,66,2284,299,732,40.8,134,365,36.7,93,119,78.2,80,119,51,343,394,202,21,138,0,0,0,825
Luol,Deng,2009,70,69,2654,473,1014,46.6,32,83,38.6,252,330,76.4,66,134,131,381,512,143,61,129,0,1,0,1230
DeMar,DeRozan,2009,77,65,1665,255,512,49.8,4,16,25,148,194,76.3,43,62,66,157,223,53,18,176,0,0,0,662
Boris,Diaw,2009,82,82,2907,373,773,48.3,66,206,32,113,147,76.9,60,178,131,293,424,325,57,219,0,1,0,925
Yakhouba,Diawara,2009,6,2,44,2,10,20,1,6,16.7,0,0,0,1,3,1,3,4,3,0,8,0,0,0,5
Travis,Diener,2009,9,0,50,2,10,20,1,7,14.3,1,4,25,4,0,0,3,3,8,0,2,0,0,0,6
Ike,Diogu,2009,0,0,0,0,0,0,0,0,0,0,0,0,0,0,0,0,0,0,0,0,0,0,0,0
DeSagana,Diop,2009,27,0,262,15,29,51.7,0,0,0,2,9,22.2,5,12,24,41,65,5,14,31,0,0,0,32
Keyon,Dooling,2009,53,8,973,129,324,39.8,59,157,37.6,47,61,77,34,59,8,46,54,135,0,82,1,0,0,364
Joey,Dorsey,2009,15,0,109,9,20,45,0,0,0,5,12,41.7,3,6,16,27,43,2,2,21,0,0,0,23
Quincy,Douby,2009,0,0,0,0,0,0,0,0,0,0,0,0,0,0,0,0,0,0,0,0,0,0,0,0
Toney,Douglas,2009,56,12,1090,179,391,45.8,68,175,38.9,55,68,80.9,42,55,40,68,108,112,3,116,0,0,0,481
Chris,Douglas-Roberts,2009,67,38,1736,255,573,44.5,14,54,25.9,133,157,84.7,55,97,45,153,198,93,19,101,0,1,0,657
Goran,Dragic,2009,80,2,1443,222,491,45.2,74,188,39.4,117,159,73.6,48,126,38,133,171,241,8,131,0,0,0,635
Jared,Dudley,2009,82,1,1994,225,490,45.9,120,262,45.8,104,138,75.4,81,68,99,182,281,115,16,162,0,0,0,674
Chris,Duhon,2009,67,59,2075,168,451,37.3,90,258,34.9,68,95,71.6,59,110,28,150,178,378,3,83,0,0,0,494
Tim,Duncan,2009,78,77,2436,561,1082,51.8,2,11,18.2,271,374,72.5,45,140,221,567,788,246,117,152,0,1,0,1395
Mike,Dunleavy Jr.,2009,67,15,1482,229,558,41,75,236,31.8,133,158,84.2,38,72,25,211,236,103,15,105,0,0,0,666
Kevin,Durant,2009,82,82,3241,794,1668,47.6,128,351,36.5,756,840,90,112,271,105,518,623,231,84,171,0,1,0,2472
Wayne,Ellington,2009,76,1,1386,190,448,42.4,64,162,39.5,61,70,87.1,20,74,33,126,159,74,5,72,1,0,0,505
Monta ,Ellis,2009,64,64,2647,631,1406,44.9,77,228,33.8,292,388,75.3,143,243,47,210,257,340,25,189,0,1,0,1631
Francisco,Elson,2009,12,0,64,5,15,33.3,0,0,0,2,5,40,1,1,6,8,14,2,0,7,0,0,0,12
Maurice,Evans,2009,79,5,1318,175,393,44.5,57,169,33.7,46,61,75.4,34,20,59,95,154,48,17,125,1,1,0,453
Reggie,Evans,2009,28,1,309,34,69,49.3,0,0,0,27,60,45,14,22,30,75,105,8,4,44,0,1,0,95
Tyreke,Evans,2009,72,72,2681,533,1165,45.8,36,141,25.5,348,465,74.8,109,216,66,314,380,414,26,204,0,2,1,1450
Jordan,Farmar,2009,82,0,1474,224,515,43.5,86,229,37.6,57,85,67.1,52,72,14,117,131,127,11,109,0,1,0,591
Raymond,Felton,2009,80,80,2644,388,846,45.9,60,156,38.5,132,173,76.3,123,168,53,235,288,446,22,172,0,1,0,968
Rudy,Fernandez,2009,62,2,1446,160,423,37.8,98,266,36.8,85,98,86.7,62,72,35,129,164,127,11,87,0,1,0,503
Kyrylo,Fesenko,2009,49,5,409,52,95,54.7,0,1,0,24,57,42.1,6,24,33,57,90,15,19,78,0,0,0,128
Michael,Finley,2009,46,7,708,81,184,44,32,82,39,8,15,53.3,10,21,6,65,71,43,6,33,0,0,0,202
Derek,Fisher,2009,82,82,2227,212,558,38,78,224,34.8,113,132,85.6,90,78,25,145,170,201,9,202,0,1,0,615
Jonny,Flynn,2009,81,81,2341,397,952,41.7,77,215,35.8,223,270,82.6,82,233,24,167,191,356,2,98,0,1,0,1094
T.J.,Ford,2009,47,32,1188,186,418,44.5,8,50,16,104,135,77,44,90,41,108,149,180,11,102,0,1,0,484
Jeff,Foster,2009,16,3,253,22,46,47.8,0,1,0,5,9,55.6,3,14,34,47,81,21,4,45,1,0,0,49
Randy,Foye,2009,70,38,1669,256,619,41.4,63,182,34.6,129,145,89,33,94,16,114,130,228,10,123,0,0,0,704
Adonal,Foyle,2009,0,0,0,0,0,0,0,0,0,0,0,0,0,0,0,0,0,0,0,0,0,0,0,0
Channing ,Frye,2009,81,41,2193,317,703,45.1,172,392,43.9,98,121,81,64,73,66,361,427,113,74,263,1,2,1,904
Dan,Gadzuric,2009,32,6,314,39,89,43.8,0,0,0,10,25,40,9,15,38,54,92,12,13,63,0,0,0,88
Sundiata,Gaines,2009,32,0,219,38,82,46.3,7,26,26.9,23,46,50,12,14,6,23,29,39,0,17,0,0,0,106
Danilo,Gallinari,2009,81,74,2749,392,927,42.3,186,488,38.1,251,307,81.8,75,110,65,333,398,135,58,191,0,0,0,1221
Francisco,Garcia,2009,25,4,574,82,176,46.6,23,59,39,15,17,88.2,10,21,11,55,66,45,19,49,0,0,0,202
Kevin,Garnett,2009,69,69,2061,402,772,52.1,1,5,20,185,221,83.7,68,101,78,428,506,185,57,170,0,1,0,990
Marc,Gasol,2009,69,69,2469,378,651,58.1,0,1,0,252,376,67,69,135,208,432,640,165,109,254,0,1,0,1008
Pau,Gasol,2009,65,65,2404,452,844,53.6,0,5,0,286,362,79,37,143,243,491,734,218,113,152,1,1,0,1190
Rudy,Gay,2009,80,80,3176,600,1288,46.6,66,202,32.7,301,400,75.3,118,169,115,357,472,153,64,201,0,1,0,1567
Alonzo,Gee,2009,11,2,182,28,59,47.5,7,9,77.8,18,29,62.1,7,10,15,18,33,7,1,13,0,0,0,81
Devean,George,2009,45,4,762,89,206,43.2,48,123,39,16,23,69.6,41,15,21,93,114,32,10,89,0,0,0,242
Daniel,Gibson,2009,56,10,1076,125,268,46.6,71,149,47.7,34,49,69.4,25,36,13,60,73,70,7,79,0,0,0,355
Taj,Gibson,2009,82,70,2204,311,629,49.4,0,0,0,113,175,64.6,50,114,226,385,611,70,104,282,0,1,0,735
J.R.,Giddens,2009,32,1,242,28,60,46.7,0,10,0,13,23,56.5,9,17,16,35,51,13,2,29,0,0,0,69
Trey,Gilder,2009,2,0,5,1,1,100,0,0,0,0,0,0,1,0,0,1,1,0,0,0,0,0,0,2
Emmanuel,Ginobili,2009,75,21,2152,398,903,44.1,132,350,37.7,309,355,87,103,154,68,216,284,370,24,154,0,1,0,1237
Ryan,Gomes,2009,76,64,2209,327,732,44.7,74,199,37.2,104,126,82.5,62,95,76,272,348,124,16,155,0,0,0,832
Drew,Gooden,2009,70,33,1756,288,602,47.8,1,8,12.5,186,216,86.1,41,108,207,335,542,47,58,194,1,1,0,763
Ben,Gordon,2009,62,17,1727,291,699,41.6,75,234,32.1,198,230,86.1,49,118,26,93,119,166,6,147,1,1,1,855
Eric,Gordon,2009,62,60,2233,352,784,44.9,119,321,37.1,222,299,74.2,69,144,25,135,160,186,14,96,0,0,0,1045
Marcin,Gortat,2009,81,0,1090,121,227,53.3,0,3,0,51,75,68,17,46,104,237,341,17,70,138,0,0,0,293
Joey ,Graham,2009,63,18,765,105,202,52,2,13,15.4,54,73,74,23,43,39,84,123,22,7,104,1,0,0,266
Stephen,Graham,2009,70,8,807,119,240,49.6,16,50,32,42,65,64.6,20,36,24,111,135,23,10,94,0,1,0,296
Danny ,Granger,2009,62,62,2277,488,1139,42.8,158,438,36.1,363,428,84.8,94,157,67,275,342,171,51,183,0,1,0,1497
Aaron,Gray,2009,32,0,307,42,82,51.2,0,0,0,20,28,71.4,9,18,45,61,106,22,11,54,0,0,0,104
Danny,Green,2009,20,0,116,15,39,38.5,6,22,27.3,4,6,66.7,6,5,8,9,17,5,3,9,0,0,0,40
Jeff,Green,2009,82,82,3039,485,1070,45.3,104,312,33.3,165,223,74,104,135,112,378,490,134,72,221,0,1,0,1239
Willie,Green,2009,73,18,1554,248,543,45.7,47,136,34.6,95,114,83.3,32,67,20,109,129,152,11,135,0,0,0,638
Donte,Greene,2009,76,50,1631,244,553,44.1,69,183,37.7,90,140,64.3,41,93,53,181,234,71,53,150,0,1,0,647
Blake,Griffin,2009,0,0,0,0,0,0,0,0,0,0,0,0,0,0,0,0,0,0,0,0,0,0,0,0
Taylor,Griffin,2009,8,0,33,4,10,40,0,2,0,2,4,50,0,1,0,2,2,1,2,4,0,0,0,10
Hamed,Haddadi,2009,36,0,244,24,62,38.7,0,3,0,14,19,73.7,1,20,26,49,75,10,14,57,0,0,0,62
Malik,Hairston,2009,47,0,317,40,76,52.6,2,11,18.2,17,30,56.7,4,11,13,36,49,16,9,29,0,0,0,99
Marcus,Haislip,2009,10,0,42,10,21,47.6,3,5,60,2,5,40,0,3,4,6,10,0,2,5,0,0,0,25
Richard,Hamilton,2009,46,46,1552,293,717,40.9,41,138,29.7,204,241,84.6,30,115,30,92,122,202,3,115,0,1,0,831
Tyler,Hansbrough,2009,29,1,510,81,225,36,0,4,0,84,113,74.3,17,21,60,78,138,28,8,70,0,1,0,246
James,Harden,2009,76,0,1738,233,578,40.3,93,248,37.5,194,240,80.8,80,106,47,197,244,137,20,200,0,0,0,753
Matt,Harpring,2009,0,0,0,0,0,0,0,0,0,0,0,0,0,0,0,0,0,0,0,0,0,0,0,0
Al,Harrington,2009,72,15,2192,448,1030,43.5,140,409,34.2,240,317,75.7,62,132,88,317,405,110,26,209,0,1,0,1276
Devin,Harris,2009,64,61,2219,356,884,40.3,60,217,27.6,308,386,79.8,79,181,24,179,203,423,18,178,2,1,1,1080
Mike,Harris,2009,13,0,94,11,30,36.7,0,1,0,7,11,63.6,5,9,10,14,24,3,1,14,0,0,0,29
Jason,Hart,2009,5,0,23,1,2,50,0,0,0,0,0,0,2,3,0,2,2,6,1,4,0,0,0,2
Udonis,Haslem,2009,78,0,2185,312,632,49.4,0,0,0,147,193,76.2,30,75,167,462,629,52,23,174,0,0,0,771
Trenton,Hassell,2009,52,31,1109,90,219,41.1,0,5,0,52,69,75.4,17,47,56,96,152,50,9,91,0,0,0,232
Spencer,Hawes,2009,72,59,1904,312,666,46.8,26,87,29.9,73,106,68.9,32,131,145,291,436,158,83,200,0,1,0,723
Chuck,Hayes,2009,82,82,1777,161,329,48.9,0,0,0,36,66,54.5,73,74,151,314,465,139,43,219,0,0,0,358
Jarvis,Hayes,2009,45,19,1033,138,328,42.1,60,179,33.5,14,18,77.8,29,28,9,99,108,40,9,91,0,0,0,350
Brendan,Haywood,2009,77,67,2356,276,491,56.2,0,1,0,152,245,62,26,99,278,437,715,43,158,209,1,1,0,704
Luther,Head,2009,47,10,816,136,311,43.7,37,105,35.2,48,58,82.8,18,54,6,74,80,72,9,53,0,1,0,357
Gerald,Henderson,2009,43,0,359,37,104,35.6,4,19,21.1,35,47,74.5,10,14,15,40,55,13,9,25,0,0,0,113
Roy,Hibbert,2009,81,69,2036,387,782,49.5,3,6,50,169,224,75.4,30,145,177,287,464,158,131,285,0,1,0,946
J.J.,Hickson,2009,81,73,1692,289,522,55.4,0,1,0,111,163,68.1,36,92,110,290,400,40,39,132,0,1,0,689
Nene,Hilario,2009,82,82,2761,421,717,58.7,0,2,0,293,416,70.4,115,125,166,461,627,203,82,281,0,1,0,1135
George,Hill,2009,78,43,2277,353,738,47.8,75,188,39.9,183,237,77.2,69,101,42,163,205,226,26,222,0,1,0,964
Grant,Hill,2009,81,81,2429,336,703,47.8,35,80,43.8,205,251,81.7,60,108,74,371,445,193,36,165,0,1,0,912
Jordan,Hill,2009,47,0,623,99,201,49.3,0,2,0,46,68,67.6,14,30,76,99,175,20,21,92,0,0,0,244
Kirk,Hinrich,2009,74,53,2481,308,753,40.9,104,280,37.1,85,113,75.2,85,113,24,236,260,330,24,204,0,2,1,805
Jrue,Holiday,2009,73,51,1772,230,520,44.2,62,159,39,65,86,75.6,79,156,56,135,191,280,18,153,0,0,0,587
Ryan,Hollins,2009,73,27,1225,169,303,55.8,0,1,0,109,158,69,19,95,79,128,207,51,38,199,2,2,2,447
Al,Horford,2009,81,81,2846,467,847,55.1,1,1,100,213,270,78.9,59,122,236,563,799,189,91,225,0,1,0,1148
Eddie,House,2009,68,0,1218,173,455,38,79,227,34.8,48,52,92.3,40,47,13,96,109,85,7,81,0,1,0,473
Dwight,Howard,2009,82,82,2844,510,834,61.2,0,7,0,483,816,59.2,75,274,284,798,1082,144,228,287,0,1,0,1503
Josh,Howard,2009,35,12,914,157,388,40.5,23,86,26.7,109,139,78.4,26,46,30,95,125,48,11,91,0,1,0,446
Juwan,Howard,2009,73,27,1633,191,375,50.9,0,1,0,55,70,78.6,27,72,108,227,335,61,10,191,4,1,0,437
Lester,Hudson,2009,25,0,134,21,53,39.6,5,16,31.3,11,13,84.6,8,14,7,11,18,13,3,12,0,0,0,58
Larry,Hughes,2009,45,16,1111,137,386,35.5,43,139,30.9,94,113,83.2,52,75,23,119,142,137,15,70,0,0,0,411
Kris,Humphries,2009,69,0,1222,180,408,44.1,0,1,0,127,190,66.8,36,66,120,258,378,32,48,145,1,0,0,487
Chris,Hunter,2009,60,9,783,109,217,50.2,0,4,0,52,69,75.4,13,30,56,111,167,37,35,132,0,0,0,270
Lindsey,Hunter,2009,13,0,123,5,30,16.7,1,13,7.7,2,2,100,1,4,1,13,14,9,0,12,0,0,0,13
Othello,Hunter,2009,7,0,34,4,12,33.3,0,0,0,3,4,75,0,3,6,6,12,0,1,5,0,0,0,11
Steven,Hunter,2009,21,0,159,17,43,39.5,0,0,0,19,36,52.8,1,9,18,24,42,0,10,10,0,1,0,53
Serge,Ibaka,2009,73,0,1320,201,370,54.3,1,2,50,58,92,63,25,68,138,259,397,10,97,194,0,1,0,461
Andre,Iguodala,2009,82,82,3190,496,1120,44.3,94,303,31,315,430,73.3,141,218,82,447,529,472,55,145,0,1,0,1401
Zydrunas,Ilgauskas,2009,64,6,1337,194,438,44.3,11,23,47.8,75,101,74.3,14,63,114,231,345,48,50,183,0,1,0,474
Ersan,Ilyasova,2009,81,31,1896,323,729,44.3,81,241,33.6,113,158,71.5,53,71,157,360,517,84,23,251,0,0,0,840
Allen,Iverson,2009,28,24,865,136,316,43,9,25,36,104,131,79.4,19,64,16,63,79,113,2,48,0,1,0,385
Royal,Ivey,2009,44,0,332,35,83,42.2,14,35,40,9,12,75,19,11,6,28,34,27,2,39,0,0,0,93
Jarrett,Jack,2009,82,43,2245,323,671,48.1,82,199,41.2,203,241,84.2,60,163,30,192,222,413,6,151,0,1,0,931
Cedric,Jackson,2009,12,0,75,6,20,30,1,6,16.7,7,12,58.3,3,11,2,6,8,14,2,7,0,0,0,20
Darnell,Jackson,2009,28,0,126,9,30,30,1,4,25,4,6,66.7,2,13,9,13,22,4,4,21,0,0,0,23
Stephen,Jackson,2009,81,81,3129,600,1418,42.3,129,393,32.8,338,434,77.9,132,259,78,323,401,300,43,197,0,1,0,1667
Jerome,James,2009,0,0,0,0,0,0,0,0,0,0,0,0,0,0,0,0,0,0,0,0,0,0,0,0
LeBron,James,2009,76,76,2968,768,1528,50.3,129,387,33.3,593,773,76.7,125,261,71,483,554,651,77,119,0,1,0,2258
Mike,James,2009,4,0,46,6,20,30,2,6,33.3,4,8,50,3,5,1,2,3,5,0,3,0,0,0,18
Antawn,Jamison,2009,66,64,2407,478,1036,46.1,85,247,34.4,194,300,64.7,71,91,136,419,555,84,21,179,0,1,0,1235
Marko,Jaric,2009,0,0,0,0,0,0,0,0,0,0,0,0,0,0,0,0,0,0,0,0,0,0,0,0
Nathan,Jawai,2009,39,2,413,49,111,44.1,0,1,0,26,38,68.4,10,27,49,55,104,24,9,58,0,0,0,124
Othyus,Jeffers,2009,14,0,72,12,29,41.4,0,0,0,13,19,68.4,4,6,8,11,19,1,0,10,0,0,0,37
Al,Jefferson,2009,76,76,2468,560,1125,49.8,0,4,0,181,266,68,63,136,180,523,703,137,98,205,0,0,0,1301
Richard,Jefferson,2009,81,70,2524,362,775,46.7,59,187,31.6,211,287,73.5,45,105,58,298,356,158,40,178,0,1,0,994
Jared,Jeffries,2009,70,37,1796,138,314,43.9,21,71,29.6,75,120,62.5,62,76,130,158,288,101,71,203,1,1,0,372
Brandon,Jennings,2009,82,82,2671,451,1216,37.1,145,388,37.4,223,273,81.7,105,200,49,233,282,470,18,191,0,1,0,1270
Jonas,Jerebko,2009,80,73,2232,290,603,48.1,36,115,31.3,125,176,71,79,82,194,284,478,58,29,230,0,1,0,741
Yi,Jianlian,2009,52,51,1658,227,563,40.3,15,41,36.6,154,193,79.8,37,77,115,257,372,47,52,170,0,1,0,623
Alexander,Johnson,2009,0,0,0,0,0,0,0,0,0,0,0,0,0,0,0,0,0,0,0,0,0,0,0,0
Amir,Johnson,2009,82,5,1457,208,334,62.3,0,4,0,95,149,63.8,44,63,154,241,395,48,66,255,0,1,0,511
Anthony,Johnson,2009,31,0,406,49,111,44.1,13,39,33.3,19,20,95,11,26,8,40,48,63,1,32,0,1,0,130
James,Johnson,2009,65,11,756,95,210,45.2,15,46,32.6,51,70,72.9,21,62,34,94,128,48,43,126,0,1,0,256
Joe,Johnson,2009,76,76,2883,635,1386,45.8,129,350,36.9,220,269,81.8,82,145,74,279,353,369,5,145,0,1,0,1619
Dahntay,Jones,2009,76,26,1892,287,623,46.1,4,32,12.5,198,257,77,40,129,48,181,229,150,39,237,0,1,0,776
Dwayne,Jones,2009,2,0,7,0,0,0,0,0,0,0,0,0,0,0,0,2,2,0,0,1,0,0,0,0
James,Jones,2009,36,6,507,43,119,36.1,37,90,41.1,23,28,82.1,11,11,4,41,45,17,4,45,0,0,0,146
Solomon,Jones,2009,52,2,673,78,176,44.3,0,3,0,51,71,71.8,14,40,51,93,144,32,37,125,1,1,0,207
DeAndre,Jordan,2009,70,12,1139,144,238,60.5,0,2,0,48,128,37.5,16,75,122,230,352,21,62,152,0,1,0,336
Chris,Kaman,2009,76,76,2608,589,1202,49,0,6,0,230,307,74.9,37,223,184,520,704,120,94,213,0,2,1,1408
Jason,Kapono,2009,57,12,976,126,301,41.9,63,171,36.8,9,15,60,21,34,14,52,66,39,6,80,0,0,0,324
Coby,Karl,2009,7,1,114,11,32,34.4,2,11,18.2,4,6,66.7,3,10,4,14,18,15,1,14,0,0,0,28
Jason,Kidd,2009,80,80,2883,284,671,42.3,176,414,42.5,80,99,80.8,145,195,48,397,445,724,35,142,0,1,0,824
Andrei,Kirilenko,2009,58,35,1684,244,482,50.6,26,89,29.2,174,234,74.4,83,79,76,188,264,158,71,102,0,0,0,688
Kyle,Korver,2009,52,0,950,138,280,49.3,59,110,53.6,39,49,79.6,26,42,10,101,111,89,12,76,0,1,0,374
Kosta ,Koufos,2009,36,0,174,22,47,46.8,0,0,0,9,15,60,2,15,16,29,45,6,4,26,0,0,0,53
Nenad,Krstic,2009,76,76,1743,281,560,50.2,1,5,20,76,106,71.7,32,58,134,249,383,52,45,177,0,0,0,639
Rob,Kurz,2009,0,0,0,0,0,0,0,0,0,0,0,0,0,0,0,0,0,0,0,0,0,0,0,0
Oliver,Lafayette,2009,1,0,22,3,6,50,1,2,50,0,0,0,0,1,1,3,4,2,0,0,0,0,0,7
Carl,Landry,2009,80,29,2465,499,931,53.6,1,3,33.3,344,427,80.6,55,136,188,280,468,66,63,234,2,1,0,1343
Marcus,Landry,2009,18,0,111,16,43,37.2,9,28,32.1,3,5,60,1,6,5,14,19,0,2,14,0,0,0,44
Acie,Law,2009,26,1,234,35,75,46.7,5,16,31.3,38,49,77.6,11,17,3,14,17,26,1,16,0,0,0,113
Ty,Lawson,2009,65,8,1319,201,390,51.5,34,83,41,106,140,75.7,48,82,42,82,124,203,2,89,0,0,0,542
Courtney,Lee,2009,71,66,2375,338,775,43.6,76,225,33.8,133,153,86.9,93,76,60,192,252,121,20,130,0,1,0,885
David,Lee,2009,81,81,3018,686,1258,54.5,0,8,0,268,330,81.2,85,189,228,721,949,295,40,257,1,1,0,1640
Rashard,Lewis,2009,72,72,2366,350,805,43.5,168,423,39.7,145,180,80.6,78,108,62,256,318,107,28,180,0,1,0,1013
Shaun,Livingston,2009,36,18,795,104,201,51.7,0,6,0,42,48,87.5,17,58,16,62,78,129,11,61,0,0,0,250
Brook,Lopez,2009,82,82,3026,563,1129,49.9,0,2,0,416,509,81.7,55,204,270,439,709,187,139,251,1,1,0,1542
Robin,Lopez,2009,51,31,984,171,291,58.8,0,0,0,88,125,70.4,10,41,104,144,248,7,53,117,1,1,0,430
Kevin,Love,2009,60,22,1721,291,646,45,35,106,33,225,276,81.5,43,117,227,431,658,136,23,136,0,0,0,842
Kyle,Lowry,2009,68,0,1653,184,464,39.7,37,136,27.2,215,260,82.7,60,116,91,156,247,305,9,173,0,1,0,620
Corey,Maggette,2009,70,49,2079,457,886,51.6,13,50,26,460,551,83.5,52,168,92,281,373,172,4,231,0,2,1,1387
Jamaal,Magloire,2009,36,0,360,28,56,50,0,0,0,21,59,35.6,9,17,41,80,121,1,11,59,0,1,0,77
Ian,Mahinmi,2009,26,0,166,35,55,63.6,0,0,0,31,47,66,3,15,13,39,52,2,8,32,0,0,0,101
Shawn,Marion,2009,75,75,2386,395,778,50.8,3,19,15.8,105,139,75.5,69,99,158,319,477,107,61,141,0,0,0,898
Sean,Marks,2009,14,0,73,4,8,50,0,0,0,2,5,40,0,2,14,9,23,2,3,17,0,0,0,10
Cartier,Martin,2009,18,2,391,50,136,36.8,17,49,34.7,24,30,80,11,19,25,43,68,16,1,48,0,0,0,141
Kenyon,Martin,2009,58,58,1983,283,620,45.6,8,29,27.6,93,167,55.7,72,91,142,404,546,109,61,186,1,2,2,667
Kevin,Martin,2009,46,43,1633,289,693,41.7,70,210,33.3,298,340,87.6,46,92,29,135,164,111,6,96,0,0,0,946
Desmond,Mason,2009,5,4,66,5,12,41.7,0,0,0,3,4,75,1,4,4,9,13,2,1,5,0,0,0,13
Roger,Mason,2009,79,5,1516,193,496,38.9,88,264,33.3,27,34,79.4,30,59,11,151,162,137,14,99,0,1,0,501
Wesley,Matthews,2009,82,48,2023,273,565,48.3,63,165,38.2,160,193,82.9,64,93,50,141,191,124,15,152,0,0,0,769
Jason,Maxiell,2009,76,29,1548,212,415,51.1,0,1,0,89,155,57.4,36,68,161,240,401,39,38,175,0,1,0,513
Sean,May,2009,37,4,330,51,111,45.9,0,4,0,21,32,65.6,12,19,20,50,70,17,7,46,0,0,0,123
Eric,Maynor,2009,81,2,1268,154,368,41.8,22,71,31,52,72,72.2,40,85,21,108,129,266,10,115,0,0,0,382
O.J.,Mayo,2009,82,82,3116,542,1183,45.8,136,355,38.3,212,262,80.9,98,176,61,250,311,242,17,174,0,1,0,1432
Luc Richard,Mbah a Moute,2009,73,62,1866,177,369,48,6,17,35.3,93,133,69.9,60,70,171,229,400,81,39,181,0,1,0,453
D.J.,Mbenga,2009,49,2,358,48,103,46.6,0,0,0,9,19,47.4,5,15,32,55,87,8,29,54,0,0,0,105
Antonio,McDyess,2009,77,50,1616,205,428,47.9,0,2,0,36,57,63.2,43,79,149,306,455,83,32,147,0,1,0,446
JaVale,McGee,2009,60,19,967,156,307,50.8,0,1,0,74,116,63.8,16,51,88,155,243,14,101,122,0,1,0,386
Tracy,McGrady,2009,30,24,674,91,235,38.7,16,64,25,47,63,74.6,15,44,22,72,94,99,14,40,0,1,0,245
Dominic,McGuire,2009,51,2,313,19,52,36.5,0,0,0,0,7,0,5,17,23,56,79,11,4,35,0,0,0,38
Josh,McRoberts,2009,42,3,527,76,146,52.1,8,23,34.8,19,38,50,17,19,40,87,127,44,16,74,0,1,0,179
Jodie,Meeks,2009,60,0,721,104,268,38.8,42,132,31.8,31,39,79.5,18,25,9,90,99,39,5,52,0,0,0,281
Pops,Mensah-Bonsu,2009,20,0,119,13,33,39.4,0,0,0,13,24,54.2,4,10,16,19,35,3,9,20,0,0,0,39
C.J.,Miles,2009,63,28,1497,241,562,42.9,74,217,34.1,66,95,69.5,58,81,42,126,168,105,17,190,0,0,0,622
Darko,Milicic,2009,32,18,686,100,204,49,0,1,0,15,28,53.6,22,35,47,104,151,47,34,82,0,1,0,215
Andre,Miller,2009,82,66,2500,404,908,44.5,16,80,20,322,392,82.1,93,173,81,185,266,445,9,169,2,1,0,1146
Brad,Miller,2009,82,37,1954,250,581,43,37,132,28,182,220,82.7,44,107,83,316,399,154,29,189,2,1,0,719
Mike,Miller,2009,54,50,1805,217,433,50.1,82,171,48,70,85,82.4,39,115,55,281,336,213,12,131,0,1,0,586
Patrick,Mills,2009,10,0,39,10,24,41.7,2,4,50,4,7,57.1,0,4,1,1,2,5,0,6,0,0,0,26
Paul,Millsap,2009,82,8,2276,385,716,53.8,1,9,11.1,183,264,69.3,64,116,186,373,559,131,99,285,0,1,0,954
Yao,Ming,2009,0,0,0,0,0,0,0,0,0,0,0,0,0,0,0,0,0,0,0,0,0,0,0,0
Cuttino,Mobley,2009,0,0,0,0,0,0,0,0,0,0,0,0,0,0,0,0,0,0,0,0,0,0,0,0
Nazr,Mohammed,2009,58,29,987,189,342,55.3,0,0,0,81,125,64.8,15,53,114,190,304,28,43,105,1,1,0,459
Jamario,Moon,2009,61,2,1052,114,247,46.2,32,100,32,36,45,80,34,23,26,165,191,49,30,69,0,0,0,296
Mikki,Moore,2009,23,20,405,54,90,60,0,0,0,7,11,63.6,5,21,26,43,69,36,13,60,0,0,0,115
Randolph,Morris,2009,28,0,127,23,41,56.1,0,0,0,16,27,59.3,5,12,10,28,38,2,3,34,0,0,0,62
Adam,Morrison,2009,31,0,242,32,85,37.6,5,21,23.8,5,8,62.5,3,10,10,22,32,18,2,17,0,0,0,74
Anthony,Morrow,2009,69,37,2019,329,703,46.8,140,307,45.6,101,114,88.6,65,84,61,198,259,104,16,158,0,1,0,899
B.J.,Mullens,2009,13,0,56,7,19,36.8,0,0,0,0,0,0,2,4,3,7,10,1,0,13,0,0,0,14
Troy,Murphy,2009,72,69,2347,384,813,47.2,128,333,38.4,154,193,79.8,72,100,129,608,737,150,34,175,1,1,0,1050
Ronald,Murray,2009,75,2,1673,268,683,39.2,69,221,31.2,141,194,72.7,46,91,28,155,183,135,16,126,1,1,0,746
Eduardo,Najera,2009,46,5,689,62,146,42.5,19,64,29.7,14,24,58.3,26,25,34,81,115,29,14,94,0,1,0,157
Steve,Nash,2009,81,81,2663,499,985,50.7,124,291,42.6,211,225,93.8,42,295,34,234,268,892,12,108,0,1,0,1333
Jameer,Nelson,2009,65,64,1859,317,706,44.9,86,226,38.1,98,116,84.5,48,139,26,168,194,353,2,147,0,1,0,818
Rasho,Nesterovic,2009,42,8,420,81,149,54.4,0,0,0,1,5,20,10,16,37,52,89,25,17,54,0,1,0,163
Joakim,Noah,2009,64,54,1923,262,520,50.4,0,0,0,163,219,74.4,32,117,220,485,705,132,100,198,0,2,1,687
Andres,Nocioni,2009,75,28,1476,234,587,39.9,96,249,38.6,71,99,71.7,32,67,32,190,222,75,26,160,2,1,0,635
Steve,Novak,2009,54,0,375,42,108,38.9,22,71,31,7,9,77.8,7,2,1,32,33,6,2,21,0,0,0,113
Dirk,Nowitzki,2009,81,80,3041,720,1496,48.1,51,121,42.1,536,586,91.5,70,149,80,540,620,218,79,208,0,2,1,2027
Patrick ,O'Bryant,2009,11,0,49,8,15,53.3,0,1,0,3,6,50,2,5,2,9,11,1,4,12,0,0,0,19
Jermaine,O'Neal,2009,70,70,1990,394,745,52.9,0,2,0,162,225,72,25,125,124,362,486,92,95,212,0,2,1,950
Shaquille,O'Neal,2009,53,53,1238,262,463,56.6,0,1,0,112,226,49.6,15,105,93,262,355,80,62,169,2,1,0,636
Fabricio,Oberto,2009,57,20,653,35,56,62.5,0,0,0,13,17,76.5,11,36,34,71,105,51,9,121,0,0,0,83
Greg,Oden,2009,21,21,501,92,152,60.5,0,0,0,49,64,76.6,8,39,64,114,178,19,48,84,0,0,0,233
Lamar,Odom,2009,82,38,2586,342,739,46.3,58,182,31.9,140,202,69.3,75,150,184,618,802,267,59,227,0,2,2,882
Emeka,Okafor,2009,82,82,2367,348,656,53,0,0,0,154,274,56.2,54,111,251,491,742,55,127,218,0,0,0,850
Mehmet,Okur,2009,73,73,2152,355,775,45.8,82,213,38.5,196,239,82,38,127,132,383,515,119,81,223,0,1,0,988
Kevin,Ollie,2009,25,0,265,18,45,40,0,1,0,8,8,100,9,6,3,22,25,20,0,16,0,0,0,44
Travis,Outlaw,2009,34,6,733,110,281,39.1,40,105,38.1,49,59,83.1,18,32,33,88,121,34,17,43,0,1,0,309
Zaza,Pachulia,2009,78,1,1092,120,246,48.8,0,4,0,93,143,65,37,58,117,176,293,42,30,186,2,1,0,333
Jannero,Pargo,2009,63,5,827,132,381,34.6,38,138,27.5,42,45,93.3,29,50,9,69,78,89,2,68,0,1,0,344
Anthony,Parker,2009,81,81,2285,206,475,43.4,108,261,41.4,75,95,78.9,63,71,30,201,231,157,18,151,0,1,0,595
Tony,Parker,2009,56,50,1729,349,716,48.7,10,34,29.4,186,246,75.6,29,149,7,128,135,317,8,96,0,1,0,894
Chris,Paul,2009,45,45,1713,314,637,49.3,52,127,40.9,161,190,84.7,96,112,20,171,191,480,8,118,0,1,0,841
Sasha,Pavlovic,2009,71,0,876,109,300,36.3,35,118,29.7,10,26,38.5,23,53,12,105,117,58,6,84,1,0,0,263
Oleksiy,Pecherov,2009,44,5,447,77,188,41,14,52,26.9,29,32,90.6,9,32,32,92,124,11,14,55,0,0,0,197
Jeff,Pendergraph,2009,39,4,406,43,65,66.2,0,0,0,18,20,90,7,12,25,73,98,1,16,76,0,1,0,104
Kendrick,Perkins,2009,78,78,2153,314,522,60.2,0,3,0,163,280,58.2,26,165,155,440,595,80,132,219,0,1,0,791
Morris,Peterson,2009,46,39,976,116,301,38.5,62,171,36.3,33,54,61.1,25,27,17,109,126,41,5,81,0,0,0,327
Johan,Petro,2009,36,16,433,54,101,53.5,0,1,0,14,21,66.7,10,23,32,97,129,14,13,80,0,0,0,122
Paul,Pierce,2009,71,71,2411,409,867,47.2,109,263,41.4,369,433,85.2,84,166,39,271,310,218,31,196,0,1,0,1296
Mickael,Pietrus,2009,75,24,1686,233,539,43.2,116,306,37.9,69,109,63.3,53,69,39,176,215,49,31,138,0,1,0,651
James,Posey,2009,77,2,1732,126,345,36.5,81,242,33.5,66,80,82.5,42,51,32,297,329,117,19,204,1,1,0,399
Leon,Powe,2009,20,2,236,21,49,42.9,0,0,0,37,63,58.7,6,11,19,42,61,0,2,36,0,0,0,79
Josh,Powell,2009,63,0,584,71,194,36.6,7,16,43.8,20,31,64.5,9,33,44,72,116,35,6,71,0,0,0,169
A.J.,Price,2009,56,2,863,145,354,41,60,174,34.5,60,75,80,35,59,12,76,88,106,3,53,1,1,0,410
Ronnie,Price,2009,60,4,811,98,242,40.5,18,63,28.6,41,59,69.5,40,56,28,46,74,123,13,109,0,1,0,255
Tayshaun,Prince,2009,49,49,1665,282,580,48.6,27,73,37,70,98,71.4,34,60,71,177,248,161,22,77,0,0,0,661
Joel,Przybilla,2009,30,9,682,45,86,52.3,0,0,0,33,51,64.7,8,39,72,166,238,8,43,95,0,1,0,123
Chris,Quinn,2009,25,0,225,20,56,35.7,10,32,31.3,6,6,100,9,10,1,15,16,29,1,15,0,0,0,56
Vladimir,Radmanovic,2009,41,20,891,103,273,37.7,30,108,27.8,20,27,74.1,29,44,51,127,178,45,7,97,0,1,0,256
Anthony,Randolph,2009,33,8,748,137,309,44.3,1,5,20,109,136,80.1,28,49,73,142,215,42,51,92,0,1,0,384
Shavlik ,Randolph,2009,6,0,53,6,18,33.3,0,0,0,2,2,100,1,3,7,7,14,1,1,9,0,0,0,14
Zach,Randolph,2009,81,81,3055,652,1336,48.8,15,52,28.8,362,465,77.8,80,174,330,620,950,149,34,226,1,2,1,1681
Theo,Ratliff,2009,49,29,809,70,152,46.1,0,0,0,38,50,76,12,41,59,98,157,25,61,87,1,1,0,178
Michael,Redd,2009,18,12,494,75,213,35.2,18,60,30,47,66,71.2,19,15,11,43,54,39,2,24,0,0,0,215
J.J.,Redick,2009,82,9,1810,243,553,43.9,111,274,40.5,191,222,86,28,63,17,138,155,158,4,118,0,1,0,788
Chris,Richard,2009,18,0,222,15,29,51.7,0,0,0,7,11,63.6,8,14,19,40,59,7,4,50,1,1,0,37
Jason,Richardson,2009,79,76,2488,473,998,47.4,157,400,39.3,136,184,73.9,66,92,81,323,404,143,33,169,0,1,0,1239
Quentin,Richardson,2009,76,75,2080,242,561,43.1,142,358,39.7,52,71,73.2,70,62,64,310,374,93,18,169,0,1,0,678
Luke,Ridnour,2009,82,0,1759,328,686,47.8,69,181,38.1,127,140,90.7,54,106,24,119,143,324,7,182,0,0,0,852
Nate,Robinson,2009,56,2,1119,215,493,43.6,87,223,39,50,67,74.6,49,73,28,82,110,163,5,116,0,1,0,567
Sergio,Rodriguez,2009,66,8,1048,167,351,47.6,32,91,35.2,68,93,73.1,50,114,24,65,89,212,5,84,0,0,0,434
Rajon,Rondo,2009,81,81,2965,459,904,50.8,17,80,21.3,175,282,62.1,189,246,100,260,360,794,11,198,0,1,0,1110
Derrick,Rose,2009,78,78,2873,672,1373,48.9,16,60,26.7,259,338,76.6,57,217,65,228,293,469,27,96,1,0,0,1619
Quinton,Ross,2009,52,7,562,40,111,36,4,21,19,8,14,57.1,13,11,17,32,49,12,6,69,0,0,0,92
Brandon,Roy,2009,65,65,2417,491,1038,47.3,73,221,33,343,440,78,61,129,73,212,285,305,16,136,0,1,0,1398
Brandon ,Rush,2009,82,64,2490,297,702,42.3,124,302,41.1,56,89,62.9,56,93,41,305,346,112,65,159,0,0,0,774
Kareem,Rush,2009,7,0,57,4,11,36.4,1,3,33.3,0,0,0,2,3,1,5,6,4,3,8,0,0,0,9
John,Salmons,2009,81,56,2825,437,991,44.1,118,309,38.2,253,305,83,99,123,35,235,270,223,26,166,0,1,0,1245
Brian,Scalabrine,2009,52,3,473,29,85,34.1,16,49,32.7,4,6,66.7,9,17,9,39,48,27,4,59,0,0,0,78
Luis,Scola,2009,82,82,2674,560,1090,51.4,1,5,20,208,267,77.9,63,163,175,530,705,169,26,246,0,1,0,1329
Thabo,Sefolosha,2009,82,82,2348,194,441,44,41,131,31.3,60,89,67.4,97,90,76,311,387,145,46,154,0,0,0,489
Ramon,Sessions,2009,82,1,1732,253,555,45.6,1,15,6.7,167,233,71.7,55,137,58,156,214,258,5,137,1,0,0,674
Mustafa,Shakur,2009,0,0,0,0,0,0,0,0,0,0,0,0,0,0,0,0,0,0,0,0,0,0,0,0
Bobby,Simmons,2009,23,2,394,42,117,35.9,20,63,31.7,18,20,90,15,19,11,52,63,15,3,52,0,1,0,122
James,Singleton,2009,57,3,982,97,254,38.2,7,37,18.9,53,62,85.5,28,49,108,168,276,31,43,113,0,1,0,254
Brian,Skinner,2009,16,1,124,10,25,40,0,0,0,6,8,75,3,7,9,18,27,0,4,20,0,0,0,26
Craig,Smith,2009,75,2,1230,226,397,56.9,1,5,20,132,208,63.5,33,88,97,190,287,84,25,194,0,0,0,585
J.R.,Smith,2009,75,0,2085,428,1033,41.4,158,467,33.8,142,201,70.6,99,139,28,206,234,183,20,174,0,1,0,1156
Jason,Smith,2009,56,2,660,75,174,43.1,10,29,34.5,29,42,69,21,35,54,81,135,33,28,110,0,0,0,189
Joe,Smith,2009,64,1,594,77,193,39.9,1,7,14.3,39,48,81.3,6,22,66,91,157,21,19,95,0,0,0,194
Josh,Smith,2009,81,81,2873,504,999,50.5,0,7,0,261,422,61.8,130,198,223,482,705,342,173,240,2,2,1,1269
Darius,Songaila,2009,75,1,1407,241,488,49.4,1,6,16.7,60,74,81.1,62,81,59,173,232,70,14,206,1,1,0,543
Marreese,Speights,2009,62,1,1016,212,444,47.7,0,5,0,108,145,74.5,29,51,85,167,252,36,34,152,1,1,0,532
Jerry,Stackhouse,2009,42,0,854,129,316,40.8,45,130,34.6,55,69,79.7,21,66,19,81,100,70,9,56,0,1,0,358
DeShawn,Stevenson,2009,64,18,889,46,163,28.2,19,87,21.8,25,35,71.4,16,30,11,80,91,56,6,74,1,1,0,136
Peja,Stojakovic,2009,62,55,1945,278,688,40.4,132,352,37.5,96,107,89.7,48,56,39,188,227,92,5,83,0,1,0,784
Amar'e,Stoudemire,2009,82,82,2836,704,1264,55.7,1,6,16.7,487,632,77.1,52,213,230,502,732,82,83,281,3,1,0,1896
Rodney,Stuckey,2009,73,67,2500,449,1109,40.5,18,79,22.8,299,359,83.3,101,163,67,214,281,348,12,205,0,1,0,1215
DaJuan,Summers,2009,44,0,410,46,130,35.4,15,42,35.7,27,38,71.1,8,16,14,31,45,16,7,52,0,0,0,134
Jermaine,Taylor,2009,31,4,303,45,119,37.8,5,22,22.7,33,46,71.7,10,19,21,25,46,16,3,15,0,0,0,128
Jeff,Teague,2009,71,3,719,90,227,39.6,7,32,21.9,41,49,83.7,34,50,5,62,67,122,11,82,0,0,0,228
Sebastian,Telfair,2009,43,1,661,83,201,41.3,13,56,23.2,29,37,78.4,24,50,5,40,45,126,5,71,0,1,0,208
Garrett,Temple,2009,27,4,334,44,101,43.6,13,37,35.1,35,50,70,13,27,6,25,31,21,6,42,0,0,0,136
Jason,Terry,2009,77,12,2537,456,1041,43.8,136,373,36.5,232,268,86.6,94,109,19,121,140,292,17,142,0,1,0,1280
Hasheem,Thabeet,2009,68,13,885,77,131,58.8,0,0,0,54,93,58.1,15,43,85,158,243,11,89,162,0,1,0,208
Etan,Thomas,2009,23,1,319,31,68,45.6,0,0,0,13,22,59.1,4,18,18,46,64,1,16,39,0,0,0,75
Kenny,Thomas,2009,26,2,314,17,35,48.6,0,0,0,7,12,58.3,10,17,35,51,86,15,10,42,0,0,0,41
Kurt,Thomas,2009,70,9,1053,99,208,47.6,0,0,0,12,15,80,26,48,84,207,291,47,46,159,2,1,0,210
Tim,Thomas,2009,18,1,285,49,106,46.2,16,43,37.2,21,24,87.5,10,14,13,28,41,14,2,31,0,1,0,135
Tyrus,Thomas,2009,54,3,1221,194,420,46.2,0,3,0,120,175,68.6,63,92,81,254,335,56,85,129,0,1,0,508
Jason,Thompson,2009,75,58,2355,370,784,47.2,1,10,10,198,277,71.5,41,139,224,413,637,124,73,279,0,1,0,939
Al,Thornton,2009,75,46,2079,320,676,47.3,11,31,35.5,153,211,72.5,45,102,116,178,294,90,35,206,1,1,0,804
Marcus,Thornton,2009,73,17,1873,398,883,45.1,117,313,37.4,144,177,81.4,58,76,72,139,211,114,11,127,1,1,0,1057
Jamaal,Tinsley,2009,38,1,589,52,140,37.1,7,39,17.9,22,27,81.5,33,63,11,55,66,108,5,67,0,0,0,133
Anthony,Tolliver,2009,46,29,1431,193,449,43,50,152,32.9,103,134,76.9,32,46,84,236,320,87,33,128,0,0,0,539
Alando,Tucker,2009,15,0,95,17,39,43.6,1,7,14.3,16,21,76.2,0,5,6,4,10,4,0,6,0,0,0,51
Ronny ,Turiaf,2009,42,20,871,85,146,58.2,0,1,0,37,78,47.4,23,49,54,137,191,90,54,98,0,1,0,207
Hidayet,Turkoglu,2009,74,69,2271,276,674,40.9,108,289,37.4,175,226,77.4,55,125,42,301,343,304,32,220,0,1,0,835
Ime,Udoka,2009,69,2,946,91,241,37.8,26,91,28.6,42,57,73.7,34,42,51,140,191,58,6,83,0,0,0,250
Beno ,Udrih,2009,79,41,2475,415,841,49.3,75,199,37.7,118,141,83.7,89,136,38,181,219,372,10,166,0,0,0,1023
Roko Leni,Ukic,2009,13,0,96,14,30,46.7,3,12,25,9,11,81.8,1,6,0,3,3,12,0,6,0,0,0,40
Anderson,Varejao,2009,76,7,2164,267,467,57.2,1,5,20,116,175,66.3,71,67,189,389,578,87,67,223,0,1,0,651
Charlie,Villanueva,2009,78,16,1849,363,827,43.9,99,282,35.1,106,130,81.5,48,74,85,280,365,53,55,223,2,1,0,931
Sasha ,Vujacic,2009,67,1,577,66,164,40.2,25,81,30.9,28,33,84.8,20,17,25,54,79,41,4,67,1,1,0,185
Dwyane,Wade,2009,77,77,2796,719,1511,47.6,73,243,30,534,702,76.1,142,252,107,266,373,501,82,181,0,1,0,2045
Von,Wafer,2009,0,0,0,0,0,0,0,0,0,0,0,0,0,0,0,0,0,0,0,0,0,0,0,0
Bill,Walker,2009,35,13,767,120,232,51.7,50,116,43.1,39,49,79.6,23,28,15,73,88,40,3,83,0,1,0,329
Ben,Wallace,2009,69,67,1975,158,292,54.1,0,2,0,65,160,40.6,86,64,245,352,597,105,84,131,0,1,0,381
Gerald,Wallace,2009,76,76,3118,456,943,48.4,52,140,37.1,422,544,77.6,117,178,150,612,762,161,83,194,0,1,1,1386
Rasheed,Wallace,2009,79,13,1785,266,650,40.9,82,290,28.3,96,125,76.8,80,63,42,283,325,80,70,222,0,2,1,710
Luke,Walton,2009,29,0,272,30,84,35.7,7,17,41.2,2,4,50,10,12,12,26,38,40,1,19,0,0,0,69
Hakim,Warrick,2009,76,6,1556,265,550,48.2,1,7,14.3,202,274,73.7,24,80,127,187,314,52,18,126,0,1,0,733
C.J.,Watson,2009,65,15,1787,247,528,46.8,45,145,31,128,166,77.1,103,69,28,141,169,180,8,124,0,1,0,667
Earl,Watson,2009,79,52,2319,223,524,42.6,53,184,28.8,120,169,71,104,175,54,186,240,399,16,181,0,1,0,619
Kyle,Weaver,2009,12,0,145,12,33,36.4,7,19,36.8,5,6,83.3,6,4,1,17,18,11,6,13,0,0,0,36
Martell,Webster,2009,82,49,2006,259,639,40.5,124,332,37.3,126,155,81.3,45,60,47,221,268,62,40,153,0,0,0,768
Sonny,Weems,2009,69,19,1368,236,458,51.5,2,15,13.3,44,64,68.8,39,65,42,150,192,101,25,126,0,1,0,518
David,West,2009,81,81,2948,619,1226,50.5,7,27,25.9,296,342,86.5,76,173,164,441,605,239,60,233,1,1,1,1541
Delonte,West,2009,60,3,1501,194,436,44.5,25,77,32.5,115,142,81,55,90,29,140,169,196,28,86,0,2,1,528
Mario,West,2009,39,1,152,12,21,57.1,0,1,0,6,10,60,8,7,8,19,27,9,0,25,0,0,0,30
Russell,Westbrook,2009,82,82,2815,485,1160,41.8,23,104,22.1,329,422,78,108,268,143,258,401,652,34,204,0,1,0,1322
D.J.,White,2009,12,0,100,25,41,61,0,0,0,9,10,90,5,3,10,13,23,4,3,12,0,0,0,59
Chris,Wilcox,2009,34,10,441,63,120,52.5,0,0,0,26,52,50,13,38,44,73,117,13,12,64,0,1,0,152
Damien,Wilkins,2009,80,31,1587,165,381,43.3,18,61,29.5,103,129,79.8,66,76,72,177,249,135,25,144,0,1,0,451
Mike,Wilks,2009,4,0,59,6,12,50,2,3,66.7,2,4,50,0,4,1,3,4,4,0,5,0,0,0,16
Deron,Williams,2009,76,76,2804,494,1053,46.9,96,259,37.1,335,418,80.1,96,252,50,253,303,798,16,208,0,1,0,1419
Jason,Williams,2009,82,18,1707,189,426,44.4,84,221,38,31,41,75.6,53,87,7,119,126,298,3,65,0,2,1,493
Jawad,Williams,2009,54,6,747,81,206,39.3,30,93,32.3,32,45,71.1,12,18,16,67,83,34,5,73,1,0,0,224
Louis,Williams,2009,64,38,1910,318,677,47,70,206,34,192,233,82.4,80,106,25,162,187,268,15,110,0,0,0,898
Marcus,Williams,2009,62,1,873,104,271,38.4,24,81,29.6,37,55,67.3,32,74,13,80,93,161,1,43,0,0,0,269
Marvin,Williams,2009,81,81,2467,302,664,45.5,40,132,30.3,176,215,81.9,66,72,106,310,416,93,46,160,1,1,0,820
Maurice,Williams,2009,69,68,2358,378,855,44.2,159,371,42.9,177,198,89.4,70,173,28,178,206,368,21,170,0,1,0,1092
Reggie,Williams,2009,24,10,779,140,283,49.5,33,92,35.9,52,62,83.9,22,29,18,92,110,66,6,49,0,1,0,365
Sean,Williams,2009,20,0,227,21,49,42.9,0,1,0,10,19,52.6,8,20,21,25,46,1,19,41,0,0,0,52
Shawne,Williams,2009,0,0,0,0,0,0,0,0,0,0,0,0,0,0,0,0,0,0,0,0,0,0,0,0
Shelden,Williams,2009,54,0,597,63,121,52.1,0,1,0,75,98,76.5,13,30,47,99,146,21,21,85,0,1,0,201
Terrence,Williams,2009,78,9,1761,261,651,40.1,31,100,31,103,144,71.5,43,124,46,302,348,223,10,126,1,0,0,656
Antoine,Wright,2009,67,10,1390,162,399,40.6,58,173,33.5,53,77,68.8,30,58,38,152,190,71,11,134,0,1,0,435
Brandan,Wright,2009,0,0,0,0,0,0,0,0,0,0,0,0,0,0,0,0,0,0,0,0,0,0,0,0
Dorell,Wright,2009,72,1,1499,194,419,46.3,61,157,38.9,61,69,88.4,52,53,50,185,235,91,32,94,0,0,0,510
Julian,Wright,2009,68,14,873,116,232,50,2,6,33.3,25,41,61,29,44,58,86,144,41,18,45,0,0,0,259
Nick,Young,2009,74,23,1426,233,558,41.8,69,170,40.6,104,130,80,28,56,20,82,102,48,8,147,0,0,0,639
Sam,Young,2009,80,1,1321,224,497,45.1,11,56,19.6,136,175,77.7,34,94,77,124,201,52,20,106,0,1,0,595
Thaddeus,Young,2009,67,45,2144,382,813,47,48,138,34.8,114,165,69.1,81,126,130,220,350,97,15,133,0,1,0,926
